City,Price,Room Type,Person Capacity,Multiple Rooms,Business,Bedrooms,City Center (km)
Amsterdam,194.03369812293488,Private room,2.0,1,0,1,5.022963798088291
Amsterdam,344.2457760176224,Private room,4.0,0,0,1,0.4883892888289836
Amsterdam,264.1014224451058,Private room,2.0,0,1,1,5.748311915159562
Amsterdam,433.5293979799874,Private room,4.0,0,1,2,0.384862012821602
Amsterdam,485.5529257375859,Private room,2.0,0,0,1,0.5447381834292384
Amsterdam,552.808567478265,Private room,3.0,0,0,2,2.13142008057136
Amsterdam,215.12431748412348,Private room,2.0,0,0,1,1.8810915643710744
Amsterdam,2771.3073840601787,Entire home/apt,4.0,0,0,3,1.6868069652027278
Amsterdam,1001.8044196564572,Entire home/apt,4.0,0,0,2,3.719141398657261
Amsterdam,276.52145384669467,Private room,2.0,1,0,1,3.142361425629701
Amsterdam,909.4743748974762,Entire home/apt,2.0,0,0,1,1.0099220248634968
Amsterdam,319.6400534295691,Private room,2.0,1,0,1,2.182707104451588
Amsterdam,675.6028402034074,Entire home/apt,4.0,0,0,1,2.9330458432919566
Amsterdam,552.808567478265,Entire home/apt,2.0,0,0,1,1.3054939315898395
Amsterdam,209.03147189089125,Private room,2.0,1,0,1,7.304535266554101
Amsterdam,368.8514986056758,Private room,2.0,0,0,1,1.0311006089592691
Amsterdam,368.8514986056758,Private room,2.0,0,0,1,1.327797157439684
Amsterdam,337.91859020926586,Private room,2.0,1,0,1,1.3663342379671055
Amsterdam,313.54720783633684,Private room,2.0,1,0,1,1.2897592303027183
Amsterdam,447.5898108874465,Entire home/apt,2.0,1,0,1,1.0576193314364548
Amsterdam,243.2451432990416,Private room,2.0,1,0,1,2.8706328438025386
Amsterdam,933.8457572704052,Entire home/apt,4.0,0,0,2,1.0140664267918649
Amsterdam,251.91573125864133,Private room,2.0,1,0,1,1.2470836669767065
Amsterdam,377.2877463501512,Private room,2.0,0,0,1,1.1674923014349312
Amsterdam,245.5885454502848,Private room,2.0,1,0,1,4.230634296706812
Amsterdam,217.70205985049097,Private room,2.0,1,0,1,4.180814737167991
Amsterdam,295.0343308415157,Private room,2.0,1,0,1,3.366018582385255
Amsterdam,295.0343308415157,Private room,2.0,0,0,1,4.1272800185441785
Amsterdam,1032.9716682679916,Entire home/apt,4.0,1,0,2,2.161607613910167
Amsterdam,270.4286082534624,Private room,4.0,0,0,1,4.88547764075742
Amsterdam,524.6877416633469,Entire home/apt,2.0,0,1,1,1.1263269723055738
Amsterdam,599.6766105031285,Entire home/apt,4.0,0,0,3,3.363590724697365
Amsterdam,516.0171537037471,Entire home/apt,4.0,0,0,2,1.0711683461395805
Amsterdam,602.254352869496,Entire home/apt,3.0,0,0,2,3.856290112898853
Amsterdam,504.06580273240695,Entire home/apt,4.0,0,0,2,4.075247886453735
Amsterdam,1609.9172779040612,Entire home/apt,6.0,1,0,3,2.9885887859177016
Amsterdam,310.9694654699693,Entire home/apt,2.0,1,0,0,4.147086685675081
Amsterdam,202.70428608253465,Private room,2.0,0,0,1,5.611750155516678
Amsterdam,796.2880509924308,Entire home/apt,4.0,0,0,2,2.8549916690296686
Amsterdam,504.06580273240695,Private room,2.0,0,0,1,6.411657372487183
Amsterdam,319.6400534295691,Private room,2.0,0,1,1,0.5403538681782272
Amsterdam,614.4400440559605,Private room,4.0,0,1,1,0.495828246257032
Amsterdam,467.0400487427648,Private room,3.0,0,1,1,0.5143556615734999
Amsterdam,716.3780376350386,Entire home/apt,5.0,0,0,2,3.69500542587883
Amsterdam,350.1042813957304,Private room,2.0,1,0,0,1.0978692589754402
Amsterdam,319.6400534295691,Private room,2.0,0,1,1,0.3846115997106273
Amsterdam,467.0400487427648,Private room,3.0,0,1,1,0.4715465422801259
Amsterdam,983.2915426616364,Entire home/apt,3.0,0,0,2,1.4305110577156566
Amsterdam,298.78377428350484,Private room,2.0,0,0,0,4.224208587262892
Amsterdam,196.6114404893024,Private room,4.0,0,0,1,6.198278628987274
Amsterdam,430.24863496824696,Entire home/apt,2.0,0,0,1,3.0194408531429744
Amsterdam,319.6400534295691,Private room,2.0,0,1,1,0.3633454412498557
Amsterdam,405.6429123801936,Private room,4.0,0,0,1,5.036497714450563
Amsterdam,334.16914676727674,Private room,2.0,1,0,1,1.151764132843782
Amsterdam,491.8801115459424,Private room,2.0,0,1,1,0.3751350635549438
Amsterdam,319.6400534295691,Private room,2.0,0,1,1,0.3605068051816017
Amsterdam,780.3529163639773,Private room,4.0,0,1,5,1.395578909867689
Amsterdam,355.025425913341,Entire home/apt,2.0,0,0,1,1.4833705939880382
Amsterdam,1044.6886790242074,Entire home/apt,4.0,0,0,2,1.505923967249401
Amsterdam,847.8428983197807,Entire home/apt,4.0,0,0,3,1.2673284617211298
Amsterdam,373.7726431232864,Private room,2.0,1,0,1,0.9750693378669916
Amsterdam,613.268342980339,Entire home/apt,4.0,1,0,1,0.2272606763176075
Amsterdam,238.3239987814309,Private room,2.0,0,0,1,5.839438156140002
Amsterdam,430.24863496824696,Entire home/apt,2.0,0,0,1,3.0295222155851818
Amsterdam,347.9952194596115,Entire home/apt,3.0,0,1,2,4.416816886287283
Amsterdam,330.4197033252877,Entire home/apt,2.0,0,0,1,2.564051903620257
Amsterdam,1179.6686429358142,Entire home/apt,4.0,1,0,2,0.6265683252747638
Amsterdam,259.1802779274952,Private room,2.0,1,0,1,5.241484167950498
Amsterdam,277.9274951374406,Private room,2.0,0,0,1,3.83291422506462
Amsterdam,467.0400487427648,Entire home/apt,3.0,0,0,2,2.3878907808382155
Amsterdam,583.7414758746748,Entire home/apt,2.0,0,0,1,2.572843321360758
Amsterdam,374.944344198908,Private room,4.0,0,1,1,0.9445213338246298
Amsterdam,372.3666018325405,Private room,2.0,0,0,1,3.893254193637553
Amsterdam,479.2257399292293,Shared room,2.0,0,0,1,1.3772429996352762
Amsterdam,454.8543575563003,Entire home/apt,2.0,0,0,1,2.2849446847498727
Amsterdam,206.4537295245237,Private room,2.0,0,0,1,6.79281178529689
Amsterdam,497.7386169240504,Private room,2.0,1,0,1,1.095053365140708
Amsterdam,399.5500667869613,Entire home/apt,2.0,0,0,1,9.335518920505798
Amsterdam,761.8400393691562,Private room,4.0,0,0,2,1.09118232606682
Amsterdam,317.0623110632016,Private room,2.0,1,0,1,2.6322379401630376
Amsterdam,319.40571321444475,Private room,2.0,0,0,1,0.3530819578031284
Amsterdam,209.03147189089125,Private room,2.0,1,0,1,4.687725165015746
Amsterdam,209.03147189089125,Private room,2.0,1,0,1,4.612475562748068
Amsterdam,640.4518079347597,Entire home/apt,2.0,0,0,1,1.7326208039228015
Amsterdam,209.03147189089125,Private room,2.0,1,0,1,4.68689685387767
Amsterdam,934.0800974855296,Private room,4.0,1,0,1,1.1199150496750092
Amsterdam,210.2031729665128,Private room,2.0,1,0,1,2.478895351747357
Amsterdam,221.2171630773557,Private room,2.0,0,0,1,6.058988674664705
Amsterdam,441.2626250790898,Private room,2.0,1,0,1,0.7922262181442554
Amsterdam,325.498558807677,Private room,2.0,1,0,1,0.9249996021423226
Amsterdam,792.7729477655661,Entire home/apt,4.0,0,0,2,5.902076232094142
Amsterdam,213.95261640850188,Private room,2.0,0,0,1,7.01790675436861
Amsterdam,1557.19072950109,Entire home/apt,4.0,0,0,2,0.7503945779761707
Amsterdam,317.0623110632016,Private room,2.0,0,0,1,3.4008968845053844
Amsterdam,319.6400534295691,Entire home/apt,2.0,0,0,1,3.403098485949505
Amsterdam,1044.6886790242074,Entire home/apt,2.0,0,0,1,3.0030686360809
Amsterdam,310.9694654699693,Entire home/apt,2.0,0,0,1,3.571400786708212
Amsterdam,295.0343308415157,Entire home/apt,2.0,0,0,1,4.6654114118221015
Amsterdam,344.2457760176224,Entire home/apt,2.0,0,0,0,4.157070172595494
Amsterdam,3004.9445785391235,Entire home/apt,4.0,0,0,4,1.61529472873922
Amsterdam,539.2168350010546,Entire home/apt,2.0,0,0,1,3.7813310591990335
Amsterdam,460.9472031495325,Private room,2.0,0,0,1,0.5851829316999698
Amsterdam,1376.514423640241,Entire home/apt,4.0,0,1,2,1.9307016592209525
Amsterdam,415.4852014154149,Entire home/apt,4.0,1,0,1,5.0392331758922175
Amsterdam,215.12431748412348,Private room,2.0,0,0,1,3.5992221200932195
Amsterdam,393.4572211937291,Private room,2.0,0,0,1,1.4993631412343562
Amsterdam,232.23115318819865,Private room,2.0,0,0,0,3.716679326293173
Amsterdam,774.2600707707451,Entire home/apt,2.0,0,0,1,1.8105403189141107
Amsterdam,291.0505471844023,Private room,2.0,0,0,1,0.6539669819722009
Amsterdam,604.5977550207392,Entire home/apt,4.0,1,0,1,1.8831520950903005
Amsterdam,467.0400487427648,Entire home/apt,2.0,0,0,1,1.4071102007540723
Amsterdam,744.4988634499567,Entire home/apt,2.0,0,0,0,2.6780920014537366
Amsterdam,250.74403018301973,Private room,2.0,1,0,1,2.061576554640393
Amsterdam,544.1379795186652,Private room,4.0,1,0,2,1.792237506252496
Amsterdam,424.1557893750147,Entire home/apt,2.0,0,0,1,3.3426480507193443
Amsterdam,675.6028402034074,Entire home/apt,2.0,0,0,1,1.2265998445779276
Amsterdam,909.4743748974762,Entire home/apt,4.0,1,0,2,2.6187094013605834
Amsterdam,264.1014224451058,Private room,2.0,0,0,1,2.85095702392196
Amsterdam,196.6114404893024,Private room,2.0,1,0,1,10.723483252396443
Amsterdam,700.442903006585,Entire home/apt,4.0,0,0,2,4.934493704887129
Amsterdam,307.22002202798024,Private room,2.0,0,0,1,3.816301136112157
Amsterdam,528.2028448902116,Private room,4.0,1,0,1,4.295560862635061
Amsterdam,675.6028402034074,Entire home/apt,2.0,0,0,1,3.3720972916742413
Amsterdam,675.6028402034074,Entire home/apt,4.0,0,0,1,1.960856865325015
Amsterdam,515.7828134886229,Entire home/apt,3.0,0,0,1,3.1412948011878608
Amsterdam,442.66866636983576,Entire home/apt,2.0,0,0,1,1.680914916130399
Amsterdam,596.1615072762637,Entire home/apt,4.0,0,0,3,1.9343923826676208
Amsterdam,920.4883650083192,Entire home/apt,4.0,0,0,3,1.2475451828191395
Amsterdam,718.9557800014061,Entire home/apt,2.0,0,0,1,2.870363252764024
Amsterdam,276.52145384669467,Private room,2.0,1,0,1,7.723053179546973
Amsterdam,988.2126871792468,Entire home/apt,4.0,0,0,3,2.064980564395761
Amsterdam,270.4286082534624,Private room,2.0,1,0,1,2.4735025666746417
Amsterdam,798.6314531436741,Entire home/apt,4.0,1,0,2,0.218366101609283
Amsterdam,3637.6631593747807,Entire home/apt,4.0,0,0,3,0.7242106613067878
Amsterdam,479.4600801443536,Entire home/apt,3.0,0,0,1,2.010016972105639
Amsterdam,934.0800974855296,Entire home/apt,2.0,1,0,1,1.1547535644310036
Amsterdam,639.0457666440138,Entire home/apt,4.0,1,0,2,1.8376328981523096
Amsterdam,1474.9373139924544,Private room,5.0,1,0,2,1.088797787354492
Amsterdam,1020.082956436154,Entire home/apt,4.0,0,0,2,1.388807900683971
Amsterdam,1192.088674337403,Entire home/apt,4.0,0,0,2,0.7110008852626659
Amsterdam,798.6314531436741,Entire home/apt,2.0,0,0,1,3.418305160366661
Amsterdam,854.4044243432617,Entire home/apt,4.0,0,0,3,3.3858261601570585
Amsterdam,614.4400440559605,Private room,2.0,1,0,1,3.6811019022708114
Amsterdam,283.7860005155485,Private room,2.0,0,0,1,1.1876186249041147
Amsterdam,870.105218756591,Entire home/apt,4.0,0,0,3,3.7690531200659865
Amsterdam,180.20762543060016,Private room,2.0,1,0,1,2.196436786257042
Amsterdam,242.07344222342,Private room,2.0,0,0,1,8.283327632149607
Amsterdam,418.0629437817825,Private room,4.0,1,0,1,3.752141559788319
Amsterdam,281.4425983643053,Private room,2.0,0,0,1,2.4074427244730043
Amsterdam,215.12431748412348,Private room,2.0,0,1,1,8.56840750623002
Amsterdam,448.5271717479437,Private room,2.0,1,0,1,1.1011644838435135
Amsterdam,614.4400440559605,Entire home/apt,2.0,0,0,1,2.378975833053337
Amsterdam,279.09919621306216,Private room,2.0,0,1,1,8.568404780360307
Amsterdam,663.6514892320672,Entire home/apt,2.0,0,0,1,3.603560472926401
Amsterdam,279.09919621306216,Private room,2.0,1,0,1,3.018615585902174
Amsterdam,1044.6886790242074,Entire home/apt,2.0,0,0,1,0.7632839134656935
Amsterdam,299.72113514400206,Private room,2.0,1,0,1,4.137211263962653
Amsterdam,405.6429123801936,Entire home/apt,2.0,1,0,1,3.6367767909716906
Amsterdam,2556.183066576056,Entire home/apt,6.0,1,0,3,0.9709188271346144
Amsterdam,985.6349448128794,Entire home/apt,2.0,0,0,1,2.1196232016134884
Amsterdam,1214.116654559089,Entire home/apt,4.0,0,0,0,1.9378488749721643
Amsterdam,305.8139807372343,Private room,4.0,0,0,1,3.7107928910227055
Amsterdam,937.5952007123944,Private room,4.0,0,1,1,1.0057848731195025
Amsterdam,292.45658847514824,Private room,2.0,0,0,1,4.718971513745547
Amsterdam,552.808567478265,Entire home/apt,4.0,1,0,1,4.456138821808169
Amsterdam,1228.880088111921,Entire home/apt,4.0,1,0,2,4.018532276866914
Amsterdam,251.91573125864133,Private room,2.0,0,0,1,2.4303914974794214
Amsterdam,258.2429170669979,Private room,2.0,1,0,1,3.168237065948456
Amsterdam,562.8851967286106,Private room,4.0,0,0,1,0.9580992248851998
Amsterdam,462.1189042251541,Entire home/apt,2.0,0,1,0,0.3714395451909041
Amsterdam,458.369460783165,Entire home/apt,2.0,1,0,1,2.146646791238017
Amsterdam,184.4257493028379,Private room,2.0,0,0,1,3.472098019071252
Amsterdam,780.5872565791016,Entire home/apt,4.0,1,0,2,2.2190485159577604
Amsterdam,228.71604996133388,Private room,2.0,1,0,1,1.258901386091701
Amsterdam,221.45150329248003,Private room,2.0,1,0,1,10.853492735263176
Amsterdam,385.9583343097509,Private room,2.0,1,0,0,0.1613319628315826
Amsterdam,436.3414805614792,Entire home/apt,3.0,0,0,1,3.3127304935792248
Amsterdam,626.3913950273006,Entire home/apt,4.0,1,0,2,2.2645205162247763
Amsterdam,835.8915473484406,Entire home/apt,2.0,0,0,1,1.133040038699657
Amsterdam,833.3138049820731,Entire home/apt,4.0,0,0,2,2.379144746458994
Amsterdam,424.1557893750147,Entire home/apt,2.0,0,0,1,1.590912120846862
Amsterdam,602.254352869496,Entire home/apt,4.0,0,0,1,2.178444728310984
Amsterdam,1425.7258688163477,Entire home/apt,4.0,0,0,2,0.6937770390868382
Amsterdam,737.2343167811028,Entire home/apt,4.0,0,0,3,1.5250661771208915
Amsterdam,397.2066646357181,Entire home/apt,3.0,1,0,1,6.375406380227657
Amsterdam,290.1131863239051,Private room,2.0,0,0,1,2.285602198759076
Amsterdam,221.2171630773557,Private room,2.0,1,0,1,2.4741674013100776
Amsterdam,245.82288566540907,Private room,2.0,1,0,1,6.050694737204826
Amsterdam,196.6114404893024,Private room,2.0,1,0,1,10.453219551947551
Amsterdam,258.0085768518736,Private room,2.0,1,0,1,4.599353594596956
Amsterdam,1413.3058374147588,Private room,4.0,0,0,4,2.5285867094854373
Amsterdam,479.4600801443536,Entire home/apt,2.0,0,0,1,4.774310108806402
Amsterdam,920.4883650083192,Entire home/apt,4.0,0,0,3,1.0502783080107736
Amsterdam,622.876291800436,Entire home/apt,2.0,1,0,1,1.750366502069159
Amsterdam,317.0623110632016,Private room,2.0,1,0,1,0.5932291959302427
Amsterdam,344.2457760176224,Entire home/apt,3.0,1,0,0,5.21296650933706
Amsterdam,409.39235582218265,Entire home/apt,4.0,1,0,2,2.6612728993460566
Amsterdam,282.6142994399269,Private room,2.0,0,0,1,2.1593820479734256
Amsterdam,319.6400534295691,Private room,2.0,0,1,1,0.3940358562606905
Amsterdam,290.1131863239051,Private room,2.0,1,0,1,2.2105463427447107
Amsterdam,381.0371897921403,Private room,2.0,1,0,1,0.7553339649403623
Amsterdam,276.52145384669467,Private room,2.0,1,0,1,5.924732550802987
Amsterdam,811.0514845452628,Entire home/apt,2.0,0,0,1,1.3793400398962383
Amsterdam,1106.320155601903,Entire home/apt,2.0,0,0,1,1.0183806520872525
Amsterdam,435.1697794858576,Entire home/apt,2.0,1,0,1,2.5329930094495627
Amsterdam,381.0371897921403,Private room,2.0,0,0,1,1.2286456559027872
Amsterdam,513.673751552504,Entire home/apt,3.0,0,0,2,3.1050637991936187
Amsterdam,309.7977643943477,Private room,2.0,0,1,1,2.3702088966394856
Amsterdam,516.0171537037471,Entire home/apt,4.0,0,0,2,1.196304903861786
Amsterdam,614.4400440559605,Private room,4.0,0,0,1,1.3701507627213405
Amsterdam,737.2343167811028,Entire home/apt,2.0,0,0,1,2.445875336409064
Amsterdam,685.9138096688773,Entire home/apt,4.0,0,0,2,2.8597924696165715
Amsterdam,823.4715159468517,Entire home/apt,5.0,0,0,2,3.503952091186423
Amsterdam,307.22002202798024,Entire home/apt,2.0,0,0,1,2.8949775310449337
Amsterdam,1997.281653504558,Entire home/apt,6.0,0,0,3,1.5122702295762689
Amsterdam,638.8114264288895,Entire home/apt,2.0,0,0,1,4.026662462247161
Amsterdam,1136.5500433529398,Entire home/apt,4.0,0,0,3,3.1972985934282425
Amsterdam,405.6429123801936,Private room,4.0,0,0,1,11.187100154117871
Amsterdam,400.4874276474586,Private room,2.0,0,1,0,0.8307142280759556
Amsterdam,307.22002202798024,Private room,2.0,1,0,1,2.2387743821770667
Amsterdam,688.0228716049962,Private room,4.0,0,0,2,1.2822467230183203
Amsterdam,648.8880556792352,Entire home/apt,2.0,0,0,1,1.5910392036654406
Amsterdam,331.8257446160336,Entire home/apt,2.0,0,0,0,2.6153792122347443
Amsterdam,420.4063459330256,Entire home/apt,2.0,0,0,0,2.1379533266321595
Amsterdam,774.2600707707451,Entire home/apt,2.0,0,0,1,3.24668560709205
Amsterdam,1126.942094532843,Entire home/apt,4.0,1,0,2,2.88941954285758
Amsterdam,208.7971316757669,Private room,2.0,1,0,1,10.40607716946772
Amsterdam,522.3443395121037,Private room,4.0,0,0,2,2.6965813900665454
Amsterdam,448.5271717479437,Private room,2.0,0,0,1,1.2243296655599034
Amsterdam,204.1103273732805,Private room,2.0,0,0,1,10.898646644844804
Amsterdam,442.66866636983576,Private room,2.0,0,0,1,0.8166865418020203
Amsterdam,325.498558807677,Private room,2.0,1,0,1,3.2543600386540854
Amsterdam,1351.9087010521878,Entire home/apt,4.0,0,0,2,0.6128074572394556
Amsterdam,583.9758160897992,Entire home/apt,4.0,0,0,2,6.805426268752378
Amsterdam,614.4400440559605,Entire home/apt,4.0,0,0,3,4.055558885452375
Amsterdam,279.09919621306216,Private room,4.0,0,0,1,7.297903452296986
Amsterdam,345.1831368781197,Private room,2.0,1,0,1,1.2051762215606054
Amsterdam,245.82288566540907,Private room,4.0,0,0,0,2.86126129098388
Amsterdam,522.3443395121037,Entire home/apt,3.0,0,0,2,9.461193276819836
Amsterdam,303.4705785859912,Private room,4.0,1,0,0,3.8756943705432993
Amsterdam,798.8657933587983,Entire home/apt,5.0,0,1,3,3.816294493436277
Amsterdam,654.9809012724675,Private room,2.0,0,0,1,1.157611864220484
Amsterdam,277.45881470719195,Private room,2.0,1,0,1,4.048209028263254
Amsterdam,498.910317999672,Private room,4.0,1,0,2,3.9197071621384896
Amsterdam,491.64577133081815,Entire home/apt,4.0,0,0,2,3.061593749736752
Amsterdam,442.4343261547114,Private room,2.0,1,0,1,2.0819265631422392
Amsterdam,202.70428608253465,Private room,2.0,1,0,1,8.328174013681252
Amsterdam,258.0085768518736,Shared room,3.0,1,0,1,7.174061152495985
Amsterdam,245.82288566540907,Private room,2.0,1,0,1,3.869383502868556
Amsterdam,669.7443348252995,Entire home/apt,4.0,1,0,2,2.502125234308872
Amsterdam,453.4483162655544,Entire home/apt,2.0,0,1,1,2.946369673139789
Amsterdam,706.5357485998172,Entire home/apt,4.0,1,0,3,2.531798798357753
Amsterdam,1038.361493215851,Entire home/apt,4.0,0,0,2,0.1951980501873343
Amsterdam,2500.8787758067165,Entire home/apt,4.0,0,0,1,1.4292708718377594
Amsterdam,399.5500667869613,Private room,2.0,0,1,0,0.9598558196666732
Amsterdam,407.9863145314368,Private room,2.0,0,1,0,1.731690237097334
Amsterdam,407.9863145314368,Private room,2.0,0,1,0,1.7635668072623376
Amsterdam,319.40571321444475,Private room,2.0,1,0,1,1.1103486515953374
Amsterdam,817.1443301384951,Entire home/apt,4.0,1,0,3,4.193063773512277
Amsterdam,792.7729477655661,Entire home/apt,6.0,0,0,3,6.446611060893965
Amsterdam,274.1780516954515,Private room,2.0,1,0,1,1.1633859680678085
Amsterdam,774.2600707707451,Entire home/apt,2.0,0,0,1,0.345523840742521
Amsterdam,221.2171630773557,Private room,2.0,0,0,1,9.230171256230186
Amsterdam,436.3414805614792,Private room,2.0,0,1,0,1.0920611908615705
Amsterdam,974.6209547020364,Entire home/apt,3.0,0,0,1,1.2238902406353978
Amsterdam,1044.6886790242074,Entire home/apt,5.0,0,0,3,3.5132238825336257
Amsterdam,607.1754973871067,Private room,4.0,1,0,1,1.4250454822872758
Amsterdam,314.4845686968341,Private room,2.0,1,0,1,2.123122113662819
Amsterdam,390.6451386122373,Private room,2.0,1,0,1,1.4250789186884407
Amsterdam,449.6988728235653,Private room,4.0,0,0,1,0.2403669761183767
Amsterdam,181.8480069364704,Private room,2.0,1,0,1,2.7165218008543284
Amsterdam,2458.2288566540906,Entire home/apt,5.0,0,0,3,1.1627614308403376
Amsterdam,410.32971668267993,Entire home/apt,2.0,0,0,1,2.033686640136478
Amsterdam,771.6823284043776,Entire home/apt,2.0,0,0,1,2.670217588988946
Amsterdam,415.2508612002906,Entire home/apt,4.0,0,0,2,7.081052422366315
Amsterdam,577.4142900663184,Entire home/apt,2.0,1,0,1,1.2454901675254375
Amsterdam,531.9522883322007,Entire home/apt,2.0,0,0,1,1.210052845440982
Amsterdam,552.808567478265,Entire home/apt,4.0,0,0,2,6.329190085032534
Amsterdam,1651.864176411314,Entire home/apt,4.0,0,0,3,0.9479501149031376
Amsterdam,282.8486396550512,Entire home/apt,2.0,0,0,1,4.04677392100638
Amsterdam,347.9952194596115,Private room,4.0,0,0,2,7.448076119094492
Amsterdam,485.5529257375859,Entire home/apt,3.0,0,0,2,2.4211262791138632
Amsterdam,436.3414805614792,Private room,2.0,0,0,1,0.7316357598343444
Amsterdam,221.2171630773557,Private room,2.0,1,0,1,2.772629647037306
Amsterdam,460.9472031495325,Entire home/apt,2.0,0,0,1,1.6603169580718946
Amsterdam,552.808567478265,Entire home/apt,4.0,0,0,3,8.149967773654454
Amsterdam,368.8514986056758,Entire home/apt,2.0,0,0,1,6.978908089437527
Amsterdam,209.03147189089125,Private room,2.0,1,0,0,4.629759730730524
Amsterdam,568.9780423218428,Private room,3.0,0,1,0,0.5016413716644758
Amsterdam,1044.6886790242074,Entire home/apt,4.0,0,0,2,1.7381836787487484
Amsterdam,489.30236917957495,Entire home/apt,2.0,1,0,1,0.5314343611142552
Amsterdam,239.7300400721768,Private room,2.0,0,0,1,1.8778904684545863
Amsterdam,734.8909146298597,Entire home/apt,4.0,0,1,2,0.8268636946364731
Amsterdam,274.1780516954515,Private room,2.0,0,0,1,3.169262405932536
Amsterdam,399.5500667869613,Private room,2.0,0,1,1,1.1180016594802644
Amsterdam,337.91859020926586,Private room,3.0,0,0,1,3.042632814959356
Amsterdam,474.0702551964943,Entire home/apt,4.0,0,0,2,7.494987621979645
Amsterdam,534.7643709136926,Entire home/apt,2.0,0,0,1,2.290544365670652
Amsterdam,436.3414805614792,Private room,2.0,0,1,0,0.9823256087976632
Amsterdam,1112.1786609800108,Entire home/apt,4.0,0,0,2,0.9384199597900156
Amsterdam,614.4400440559605,Private room,4.0,0,0,2,0.8689376780218488
Amsterdam,202.70428608253465,Private room,2.0,0,0,1,3.5789888131796745
Amsterdam,430.24863496824696,Entire home/apt,2.0,0,0,1,3.481206790359048
Amsterdam,243.2451432990416,Private room,2.0,1,0,1,7.104815916987718
Amsterdam,277.69315492231624,Private room,2.0,1,0,1,2.759807642732134
Amsterdam,356.4314672040869,Private room,2.0,0,0,1,2.9304498212371377
Amsterdam,555.3863098446325,Private room,3.0,0,0,1,0.3971287274991505
Amsterdam,352.68202376209786,Entire home/apt,2.0,0,0,1,4.753301220591684
Amsterdam,318.2340121388232,Private room,4.0,1,0,1,0.6432797933909642
Amsterdam,368.6171583905514,Entire home/apt,2.0,0,0,1,1.843414802892541
Amsterdam,774.2600707707451,Private room,4.0,0,0,1,3.240919753612332
Amsterdam,1029.925245471375,Entire home/apt,4.0,0,0,1,1.7763168318632667
Amsterdam,326.6702598832986,Entire home/apt,4.0,0,0,3,3.9253330803389503
Amsterdam,299.72113514400206,Private room,2.0,0,0,1,3.812821067852762
Amsterdam,688.0228716049962,Entire home/apt,4.0,0,0,2,4.894306981480401
Amsterdam,399.31572657183705,Entire home/apt,3.0,0,0,1,2.7484060408978936
Amsterdam,362.5243127973192,Entire home/apt,2.0,0,0,2,2.465013388537726
Amsterdam,350.1042813957304,Private room,2.0,1,0,0,1.182523156670852
Amsterdam,1038.361493215851,Entire home/apt,2.0,0,0,1,1.761900973638962
Amsterdam,432.3576969043658,Private room,2.0,0,0,1,1.4333734110859075
Amsterdam,337.6842499941415,Private room,2.0,0,0,1,1.5514001269716866
Amsterdam,1118.2715065732432,Entire home/apt,4.0,0,0,3,1.96011552062919
Amsterdam,335.57518805802266,Private room,2.0,0,0,0,3.310462564729232
Amsterdam,468.2117498183864,Entire home/apt,2.0,0,0,1,2.4641833980904337
Amsterdam,241.83910200829567,Private room,2.0,0,0,1,6.32486346550931
Amsterdam,1739.03873643756,Entire home/apt,4.0,0,0,2,2.140598515315153
Amsterdam,368.6171583905514,Entire home/apt,2.0,0,0,1,6.291365973282467
Amsterdam,346.5891781688656,Private room,2.0,0,0,0,2.011355928615153
Amsterdam,417.8286035666581,Private room,4.0,0,0,2,2.937801886453491
Amsterdam,421.34370679352287,Entire home/apt,2.0,0,1,1,1.737851302767052
Amsterdam,712.8629344081738,Entire home/apt,2.0,0,0,1,1.0888412392791802
Amsterdam,308.39172310360186,Private room,3.0,1,0,1,1.9131368224630303
Amsterdam,333.23178590677946,Private room,2.0,0,0,0,2.1368991958336045
Amsterdam,356.1971269889626,Private room,2.0,0,0,1,1.8688444053531743
Amsterdam,351.51032268647623,Private room,2.0,1,0,0,1.5647645877321996
Amsterdam,264.33576266023016,Private room,2.0,1,0,1,3.5489264149300257
Amsterdam,344.2457760176224,Private room,2.0,0,0,1,2.579456768894296
Amsterdam,515.7828134886229,Entire home/apt,4.0,0,0,3,2.680403418532747
Amsterdam,491.64577133081815,Entire home/apt,6.0,0,0,3,4.051917607255711
Amsterdam,501.2537201509151,Entire home/apt,2.0,0,0,1,2.314548394921164
Amsterdam,552.808567478265,Entire home/apt,3.0,0,0,1,1.4756207370733208
Amsterdam,386.19267452487526,Private room,2.0,1,0,1,0.2862270363942465
Amsterdam,1136.5500433529398,Entire home/apt,4.0,0,0,2,0.3639339290695795
Amsterdam,268.0852061022192,Private room,2.0,0,0,0,8.396193965451163
Amsterdam,319.40571321444475,Private room,2.0,0,0,1,3.257268339680081
Amsterdam,1210.3672111171,Entire home/apt,4.0,1,0,3,7.969305988961323
Amsterdam,540.6228762918005,Entire home/apt,4.0,0,0,2,3.53040385878742
Amsterdam,1044.6886790242074,Entire home/apt,2.0,0,0,1,2.158727236080072
Amsterdam,539.6855154313032,Entire home/apt,6.0,0,1,3,5.309254055530047
Amsterdam,485.5529257375859,Entire home/apt,2.0,0,0,1,3.550537513117757
Amsterdam,178.0985634944813,Private room,2.0,0,0,1,8.894206248511344
Amsterdam,661.308087080824,Private room,4.0,0,1,2,0.2974726347767152
Amsterdam,1572.8915239144192,Private room,4.0,0,1,4,0.1673131477644722
Amsterdam,329.4823424647904,Private room,2.0,0,1,1,0.3700082752668438
Amsterdam,436.10714034635487,Entire home/apt,2.0,1,0,0,3.3864906698808577
Amsterdam,722.2365430131465,Entire home/apt,4.0,0,0,1,2.056143962063712
Amsterdam,399.5500667869613,Entire home/apt,4.0,0,0,2,1.9873365148655668
Amsterdam,602.0200126543716,Entire home/apt,2.0,0,0,1,2.583144908068959
Amsterdam,319.40571321444475,Private room,4.0,0,0,2,7.401774924959425
Amsterdam,817.1443301384951,Entire home/apt,4.0,0,0,2,2.2026551610414105
Amsterdam,439.8565837883439,Entire home/apt,4.0,0,0,3,4.745291339574047
Amsterdam,546.7157218850327,Entire home/apt,3.0,0,0,2,2.48625608495136
Amsterdam,1161.1557659409932,Entire home/apt,6.0,1,0,4,1.143335256300487
Amsterdam,393.4572211937291,Private room,2.0,0,0,1,1.661022025321989
Amsterdam,386.19267452487526,Private room,2.0,1,0,1,0.3428061638767657
Amsterdam,540.6228762918005,Entire home/apt,2.0,0,0,1,0.8993193377447499
Amsterdam,614.4400440559605,Entire home/apt,4.0,1,0,2,1.4690753644746604
Amsterdam,196.6114404893024,Private room,2.0,1,0,1,4.45291253977435
Amsterdam,784.1023598059663,Entire home/apt,5.0,1,0,2,1.3407265036144973
Amsterdam,675.6028402034074,Private room,4.0,0,0,1,1.2216762047028968
Amsterdam,259.4146181426195,Private room,3.0,1,0,1,2.678607793001168
Amsterdam,467.0400487427648,Private room,2.0,0,0,1,1.6450857112662365
Amsterdam,442.66866636983576,Private room,2.0,0,0,1,0.2895266515672745
Amsterdam,436.10714034635487,Private room,2.0,0,0,1,0.2726701727182661
Amsterdam,473.132894335997,Private room,2.0,0,0,1,0.922796231237302
Amsterdam,371.1949007569189,Entire home/apt,2.0,1,0,1,1.3403735525137348
Amsterdam,298.78377428350484,Entire home/apt,2.0,1,0,1,1.2980229450859604
Amsterdam,143.65055187120663,Private room,2.0,0,0,1,6.502260068918842
Amsterdam,917.9106226419516,Entire home/apt,4.0,0,0,2,3.6138475671793455
Amsterdam,165.67853209289248,Private room,2.0,0,0,1,8.78717569020699
Amsterdam,968.29376889368,Entire home/apt,6.0,0,1,3,2.5809634907719534
Amsterdam,548.1217631757786,Entire home/apt,3.0,0,0,2,3.046515129832056
Amsterdam,636.7023644927707,Entire home/apt,2.0,0,0,1,1.0877057867638138
Amsterdam,642.5608698708786,Entire home/apt,4.0,0,0,2,1.7850137283759848
Amsterdam,344.2457760176224,Private room,2.0,0,0,1,0.2804455866459713
Amsterdam,373.7726431232864,Private room,2.0,1,0,1,0.902817036775705
Amsterdam,737.2343167811028,Entire home/apt,2.0,0,0,1,1.5409509359930025
Amsterdam,194.03369812293488,Private room,2.0,0,0,1,11.038044988580411
Amsterdam,2061.959552878869,Entire home/apt,4.0,0,0,4,1.337129427158154
Amsterdam,282.8486396550512,Private room,2.0,1,0,1,2.7712160729049127
Amsterdam,1130.691537974832,Entire home/apt,4.0,0,0,3,2.228795196244665
Amsterdam,669.7443348252995,Entire home/apt,2.0,0,0,1,3.1085899421577183
Amsterdam,233.63719447894456,Private room,2.0,0,0,1,4.0910736894608
Amsterdam,636.7023644927707,Entire home/apt,2.0,0,0,1,2.6441496003211595
Amsterdam,552.808567478265,Entire home/apt,4.0,0,0,2,9.186679711215287
Amsterdam,368.8514986056758,Private room,2.0,0,0,1,0.749909127940408
Amsterdam,855.3417852037588,Entire home/apt,6.0,0,1,1,2.5809800774886003
Amsterdam,675.8371804185317,Entire home/apt,4.0,0,1,1,2.5809768821939887
Amsterdam,243.2451432990416,Private room,2.0,1,0,1,7.256823710579931
Amsterdam,391.8168396878589,Private room,2.0,0,1,0,0.9357224284744096
Amsterdam,491.64577133081815,Entire home/apt,2.0,1,0,2,0.7420383543710357
Amsterdam,549.5278044665246,Private room,3.0,0,1,0,0.971569080547961
Amsterdam,422.7497480842688,Private room,4.0,0,0,1,0.2754348902526141
Amsterdam,438.9192229278467,Private room,2.0,1,0,1,1.2092938883854898
Amsterdam,368.8514986056758,Entire home/apt,2.0,0,0,1,2.121118972301494
Amsterdam,602.0200126543716,Entire home/apt,4.0,0,0,2,3.563816361456737
Amsterdam,280.03655707355944,Private room,2.0,0,0,1,4.593248430863174
Amsterdam,447.5898108874465,Private room,2.0,0,1,0,2.116070967254967
Amsterdam,362.5243127973192,Private room,4.0,0,0,1,4.5939311522871895
Amsterdam,191.6902959716917,Private room,2.0,1,0,1,6.648888306593069
Amsterdam,626.625735242425,Private room,2.0,1,0,1,0.5337976180149427
Amsterdam,409.39235582218265,Private room,2.0,1,0,1,1.472049269004995
Amsterdam,271.600309329084,Private room,2.0,0,0,1,3.397864470100404
Amsterdam,345.417477093244,Private room,2.0,0,0,1,2.716817308289298
Amsterdam,387.1300353853725,Entire home/apt,2.0,0,0,0,1.8791674519616897
Amsterdam,737.2343167811028,Private room,4.0,1,0,2,2.153009991498413
Amsterdam,765.5894828111453,Entire home/apt,4.0,0,0,3,3.2965734069277315
Amsterdam,307.22002202798024,Private room,2.0,0,0,1,3.488159987939203
Amsterdam,1179.6686429358142,Entire home/apt,4.0,1,0,2,0.6662369998526062
Amsterdam,657.3243034237106,Private room,4.0,0,1,2,3.0841225527215075
Amsterdam,620.7672298643171,Private room,4.0,0,1,2,3.1641595963446867
Amsterdam,618.1894874979496,Private room,4.0,0,1,2,3.1502542206829074
Amsterdam,409.39235582218265,Entire home/apt,2.0,0,0,2,2.9429788856346506
Amsterdam,507.5809059592717,Private room,3.0,1,0,2,2.757608074338754
Amsterdam,392.0511799029832,Entire home/apt,2.0,0,0,1,2.709045091252892
Amsterdam,737.2343167811028,Entire home/apt,4.0,0,0,1,0.5049749473094602
Amsterdam,501.2537201509151,Private room,2.0,1,0,0,0.3379457651761013
Amsterdam,700.442903006585,Entire home/apt,4.0,1,0,2,2.793038724881065
Amsterdam,399.5500667869613,Private room,2.0,0,0,0,0.4062584290776245
Amsterdam,300.8928362196237,Private room,2.0,1,0,1,2.811828644796849
Amsterdam,722.7052234433952,Entire home/apt,4.0,1,0,3,2.955913597127819
Amsterdam,306.04832095235867,Private room,2.0,1,0,1,2.8993484756765104
Amsterdam,678.4149227848992,Entire home/apt,4.0,0,0,2,10.729829705225098
Amsterdam,418.0629437817825,Entire home/apt,2.0,1,0,0,1.077961503252688
Amsterdam,482.9751833712184,Entire home/apt,2.0,0,0,1,0.3362210405432312
Amsterdam,1542.4272959482578,Entire home/apt,4.0,0,0,2,1.995211956436393
Amsterdam,968.29376889368,Entire home/apt,6.0,0,1,2,2.5810130243666207
Amsterdam,767.9328849623885,Entire home/apt,4.0,1,0,1,2.123157088876007
Amsterdam,272.53767018958126,Private room,2.0,0,0,1,1.821746995584432
Amsterdam,624.2823330911818,Entire home/apt,4.0,1,0,2,3.575143509989056
Amsterdam,1179.6686429358142,Entire home/apt,4.0,0,0,3,1.406046877004593
Amsterdam,602.254352869496,Entire home/apt,3.0,1,0,2,3.5439609687505778
Amsterdam,358.7748693553301,Private room,2.0,0,0,1,2.758944308279711
Amsterdam,943.6880463056266,Entire home/apt,4.0,0,0,1,2.49564889900842
Amsterdam,313.3128676212125,Private room,4.0,0,0,1,0.743948359039764
Amsterdam,452.2766151899328,Private room,2.0,1,0,1,1.3351060020588563
Amsterdam,241.1360813629227,Private room,2.0,0,0,0,8.232046569750697
Amsterdam,393.4572211937291,Private room,2.0,1,0,1,7.325870535810913
Amsterdam,526.0937829540928,Entire home/apt,3.0,0,0,3,2.0966638442762786
Amsterdam,704.1923464485741,Entire home/apt,4.0,0,0,3,3.7049954688395865
Amsterdam,712.6285941930495,Entire home/apt,4.0,0,0,2,3.434194241351072
Amsterdam,553.0429076933893,Private room,4.0,1,0,2,3.850381411625262
Amsterdam,497.7386169240504,Private room,3.0,0,0,0,0.8045956315218976
Amsterdam,356.4314672040869,Entire home/apt,2.0,1,0,0,0.099653501265351
Amsterdam,1167.2486115342256,Entire home/apt,4.0,0,0,2,1.976076094847115
Amsterdam,860.2629297213696,Entire home/apt,4.0,0,0,2,1.0923607673057556
Amsterdam,276.52145384669467,Private room,2.0,0,0,1,3.011492717605268
Amsterdam,1450.331591404401,Entire home/apt,5.0,1,0,2,0.5271932106561056
Amsterdam,436.10714034635487,Private room,2.0,0,0,1,1.4781001972750474
Amsterdam,362.5243127973192,Private room,2.0,1,0,1,1.3437307396437903
Amsterdam,1804.1853162421205,Entire home/apt,6.0,1,0,3,0.4331093948195396
Amsterdam,423.9214491598904,Private room,2.0,0,1,0,0.8976368472520828
Amsterdam,521.1726384364821,Private room,3.0,0,1,0,0.8214128172087305
Amsterdam,491.64577133081815,Entire home/apt,3.0,0,0,2,11.03773603590017
Amsterdam,374.944344198908,Private room,2.0,0,1,0,0.948788096520026
Amsterdam,718.9557800014061,Entire home/apt,2.0,1,0,1,3.910851974538859
Amsterdam,301.127176434748,Private room,2.0,1,0,1,1.6265889740902009
Amsterdam,277.69315492231624,Private room,2.0,0,0,1,1.3605492938037025
Amsterdam,331.8257446160336,Private room,2.0,1,0,1,1.0935841673244506
Amsterdam,228.71604996133388,Private room,2.0,1,0,1,6.003937195420157
Amsterdam,798.6314531436741,Entire home/apt,4.0,1,0,3,1.47417472781914
Amsterdam,228.71604996133388,Private room,2.0,1,0,1,6.003951952173575
Amsterdam,239.4956998570525,Private room,2.0,1,0,1,9.348029945732897
Amsterdam,301.127176434748,Private room,2.0,1,0,1,5.4162755237285065
Amsterdam,577.4142900663184,Private room,3.0,1,0,2,2.410867957674224
Amsterdam,368.8514986056758,Entire home/apt,2.0,0,0,1,3.608388448018828
Amsterdam,363.4616736578165,Private room,2.0,1,0,1,1.4922559400801028
Amsterdam,387.1300353853725,Private room,2.0,1,0,1,1.3951070045336125
Amsterdam,331.8257446160336,Private room,2.0,1,0,1,1.2006366562787605
Amsterdam,774.2600707707451,Entire home/apt,4.0,0,0,3,3.242923417708941
Amsterdam,337.91859020926586,Private room,2.0,1,0,1,1.3612904337231495
Amsterdam,270.4286082534624,Private room,2.0,1,0,1,5.303744894605014
Amsterdam,280.03655707355944,Private room,2.0,1,0,1,2.477384541826873
Amsterdam,798.6314531436741,Entire home/apt,4.0,0,0,4,3.644934918270801
Amsterdam,743.5615025894595,Entire home/apt,2.0,0,0,1,1.5777312456317156
Amsterdam,288.7071450331592,Private room,2.0,1,0,1,0.6803930072622437
Amsterdam,384.7866332341293,Entire home/apt,2.0,0,0,1,1.444189241127498
Amsterdam,878.7758067161907,Private room,4.0,0,0,1,0.1885288278893922
Amsterdam,1567.0330185363111,Entire home/apt,3.0,0,0,0,0.1386645584328363
Amsterdam,614.4400440559605,Private room,2.0,0,0,1,3.8377111455988544
Amsterdam,337.6842499941415,Entire home/apt,2.0,0,0,1,2.622877256729827
Amsterdam,489.30236917957495,Entire home/apt,2.0,0,0,1,1.0632696220786984
Amsterdam,764.4177817355237,Private room,4.0,0,0,2,1.2367465025820918
Amsterdam,196.6114404893024,Private room,2.0,0,0,1,7.083711327609709
Amsterdam,1044.6886790242074,Entire home/apt,4.0,0,0,2,0.2877071439287178
Amsterdam,394.3945820542264,Entire home/apt,2.0,0,0,1,5.145610907606987
Amsterdam,721.5335223677736,Entire home/apt,4.0,0,0,2,3.994828511071973
Amsterdam,556.5580109202541,Private room,4.0,0,0,1,0.5999995685426281
Amsterdam,762.0743795842806,Private room,2.0,0,0,1,0.756970102359457
Amsterdam,337.91859020926586,Private room,2.0,1,0,1,1.231425680175296
Amsterdam,890.9614979026552,Entire home/apt,4.0,0,0,2,3.963243943737326
Amsterdam,410.5640568978043,Private room,4.0,0,1,1,4.69702236945333
Amsterdam,1429.2409720432124,Entire home/apt,3.0,0,0,2,0.691933325614957
Amsterdam,175.75516134323811,Private room,2.0,1,0,1,8.377399284977615
Amsterdam,280.03655707355944,Private room,2.0,1,0,1,1.9072743504697696
Amsterdam,386.8956951702482,Entire home/apt,2.0,0,0,0,2.978906253871682
Amsterdam,522.3443395121037,Entire home/apt,4.0,0,0,1,2.905404786250416
Amsterdam,196.6114404893024,Private room,2.0,0,0,1,4.288270007423799
Amsterdam,288.7071450331592,Private room,2.0,1,0,1,1.8418085686184145
Amsterdam,921.6600660839408,Entire home/apt,4.0,0,0,2,1.6015873642380736
Amsterdam,362.5243127973192,Entire home/apt,4.0,0,1,2,7.6932272926316285
Amsterdam,734.8909146298597,Entire home/apt,2.0,0,0,1,0.5545413209293035
Amsterdam,393.4572211937291,Entire home/apt,2.0,0,0,1,0.8294274663677281
Amsterdam,531.9522883322007,Entire home/apt,4.0,0,0,3,2.5254227602653385
Amsterdam,295.2686710566401,Private room,2.0,0,0,1,6.479034106524619
Amsterdam,368.8514986056758,Private room,2.0,0,0,0,0.4995517654354977
Amsterdam,196.6114404893024,Private room,2.0,0,0,1,7.972738293051172
Amsterdam,276.2871136315703,Private room,2.0,1,0,1,1.1803151435424777
Amsterdam,378.6937876408971,Entire home/apt,2.0,0,0,1,3.698008283526384
Amsterdam,510.1586483256392,Private room,2.0,1,0,1,7.897124607130071
Amsterdam,700.442903006585,Entire home/apt,4.0,0,0,2,1.9940523834752912
Amsterdam,381.0371897921403,Private room,2.0,0,0,1,1.154034697516804
Amsterdam,209.03147189089125,Private room,2.0,1,0,1,6.405929876874316
Amsterdam,1032.502987837743,Entire home/apt,2.0,0,0,1,1.1617217829190112
Amsterdam,491.64577133081815,Private room,4.0,0,1,1,0.6074574904854887
Amsterdam,284.95770159117006,Private room,2.0,0,0,1,3.646617307681841
Amsterdam,325.498558807677,Private room,2.0,1,0,1,0.2988822359077754
Amsterdam,337.91859020926586,Private room,2.0,1,0,1,0.2645439121022677
Amsterdam,1002.9761207320788,Entire home/apt,5.0,0,0,1,1.5112863647308643
Amsterdam,571.3214444730861,Entire home/apt,2.0,1,0,1,1.8979244283569967
Amsterdam,215.12431748412348,Private room,2.0,1,0,1,4.573755646739478
Amsterdam,970.8715112600474,Entire home/apt,2.0,0,0,1,0.7816646297545559
Amsterdam,405.4085721650693,Private room,2.0,0,0,1,2.1576837719183564
Amsterdam,393.4572211937291,Entire home/apt,2.0,0,0,1,1.871115677546975
Amsterdam,909.4743748974762,Entire home/apt,4.0,0,0,2,3.12479210393515
Amsterdam,657.3243034237106,Entire home/apt,4.0,0,0,2,3.5692106976545204
Amsterdam,288.7071450331592,Shared room,3.0,1,0,1,3.607836531849917
Amsterdam,393.4572211937291,Entire home/apt,2.0,0,0,1,3.1346149544386988
Amsterdam,1892.531577343988,Entire home/apt,6.0,0,0,3,2.0382608219750145
Amsterdam,372.3666018325405,Private room,2.0,0,0,1,3.023485756770368
Amsterdam,583.9758160897992,Private room,2.0,0,0,1,2.1519227347287444
Amsterdam,613.0340027652146,Entire home/apt,4.0,0,1,3,3.38818760577173
Amsterdam,348.93258032010874,Private room,2.0,0,0,1,3.064782626540737
Amsterdam,306.04832095235867,Private room,3.0,0,0,1,1.839897858327952
Amsterdam,276.2871136315703,Private room,2.0,0,0,1,2.432694452645903
Amsterdam,774.7287512009937,Entire home/apt,4.0,0,0,2,0.6188752838771392
Amsterdam,568.9780423218428,Entire home/apt,4.0,0,1,3,2.986559534823481
Amsterdam,489.30236917957495,Entire home/apt,2.0,0,0,1,0.5389110321049098
Amsterdam,1259.578656293207,Entire home/apt,2.0,0,0,1,1.8439233325897628
Amsterdam,497.50427670892606,Entire home/apt,2.0,0,0,1,1.888064753502736
Amsterdam,1166.3112506737282,Entire home/apt,4.0,0,0,2,2.6026624232858904
Amsterdam,632.9529210507816,Private room,4.0,0,0,2,0.44043270378182
Amsterdam,1072.8095048391256,Private room,4.0,0,1,2,1.927053639386917
Amsterdam,255.43083448550607,Private room,2.0,0,0,1,2.443634646064763
Amsterdam,337.91859020926586,Private room,2.0,1,0,1,6.64146886597979
Amsterdam,221.45150329248003,Private room,2.0,0,1,1,10.14956306452238
Amsterdam,253.3217725493872,Private room,2.0,0,1,1,10.128259537926995
Amsterdam,253.3217725493872,Private room,2.0,0,1,1,10.073490090961544
Amsterdam,253.3217725493872,Private room,2.0,0,1,1,9.96621180978298
Amsterdam,393.4572211937291,Private room,2.0,0,1,0,1.2177899313284035
Amsterdam,504.06580273240695,Entire home/apt,2.0,1,0,1,1.170821138050782
Amsterdam,399.5500667869613,Private room,2.0,0,1,0,1.1301492900586705
Amsterdam,1296.604410282849,Entire home/apt,4.0,0,0,3,2.181736190332088
Amsterdam,907.130972746233,Entire home/apt,4.0,0,0,2,2.3361408437968723
Amsterdam,344.2457760176224,Private room,2.0,0,0,1,1.862884971413064
Amsterdam,539.2168350010546,Private room,4.0,0,1,1,0.9721050325800308
Amsterdam,814.800927987252,Entire home/apt,2.0,0,0,1,0.992702453740026
Amsterdam,614.4400440559605,Entire home/apt,5.0,0,0,3,2.928281339168406
Amsterdam,1413.3058374147588,Entire home/apt,4.0,0,0,3,2.327682714835818
Amsterdam,796.2880509924308,Entire home/apt,4.0,0,0,2,3.602701442903627
Amsterdam,467.0400487427648,Private room,4.0,0,0,2,2.8778553173215284
Amsterdam,346.5891781688656,Entire home/apt,2.0,0,0,1,1.7651125849760003
Amsterdam,344.2457760176224,Private room,2.0,1,0,1,1.264715166206373
Amsterdam,438.9192229278467,Entire home/apt,2.0,0,0,1,4.296259327816605
Amsterdam,2058.2101094368804,Entire home/apt,4.0,0,0,2,2.975607201563641
Amsterdam,276.2871136315703,Private room,2.0,0,0,1,7.594588097597925
Amsterdam,602.0200126543716,Entire home/apt,4.0,0,0,0,1.5170885254790842
Amsterdam,337.91859020926586,Private room,3.0,1,0,1,6.525145643031819
Amsterdam,589.8343214679071,Entire home/apt,3.0,0,0,0,2.8347780882133384
Amsterdam,424.1557893750147,Entire home/apt,3.0,0,0,1,3.627089026715249
Amsterdam,430.24863496824696,Private room,2.0,0,1,1,1.2773008303798905
Amsterdam,410.5640568978043,Private room,2.0,0,0,0,1.1397055853048172
Amsterdam,546.7157218850327,Entire home/apt,2.0,0,0,1,1.412392533345688
Amsterdam,430.24863496824696,Private room,2.0,0,1,1,1.2393663643866293
Amsterdam,774.2600707707451,Entire home/apt,4.0,0,0,1,1.4323810575774172
Amsterdam,577.4142900663184,Entire home/apt,4.0,0,0,2,2.863347344159845
Amsterdam,792.7729477655661,Private room,3.0,0,0,1,1.478541063093686
Amsterdam,454.8543575563003,Private room,4.0,0,0,2,1.3008801280607143
Amsterdam,228.71604996133388,Private room,2.0,1,0,1,3.0382605954299087
Amsterdam,221.2171630773557,Private room,2.0,0,0,1,5.598412744386663
Amsterdam,405.4085721650693,Private room,2.0,0,1,0,2.0919879287307603
Amsterdam,405.4085721650693,Private room,2.0,0,1,0,2.238971850341774
Amsterdam,642.5608698708786,Entire home/apt,4.0,0,1,3,3.819808218651902
Amsterdam,618.1894874979496,Entire home/apt,4.0,0,0,2,2.1442717752745533
Amsterdam,268.0852061022192,Private room,2.0,1,0,1,3.5060140733365786
Amsterdam,299.72113514400206,Entire home/apt,2.0,0,1,1,3.4386970579425946
Amsterdam,470.7894921847538,Entire home/apt,2.0,0,1,1,1.2707944936456663
Amsterdam,385.4896538795023,Entire home/apt,2.0,0,1,1,2.081457384390995
Amsterdam,428.13957303212806,Entire home/apt,2.0,0,1,1,1.086623021139889
Amsterdam,342.6053945117522,Entire home/apt,2.0,0,1,1,1.5852074297594774
Amsterdam,342.6053945117522,Entire home/apt,2.0,0,1,1,1.9470405396940744
Amsterdam,393.4572211937291,Private room,2.0,0,0,1,0.1847578358707701
Amsterdam,467.0400487427648,Entire home/apt,4.0,0,0,1,2.37860246416926
Amsterdam,417.8286035666581,Entire home/apt,2.0,0,0,1,4.084006228701259
Amsterdam,688.0228716049962,Entire home/apt,2.0,1,0,1,0.7263702059219925
Amsterdam,417.8286035666581,Private room,4.0,0,0,1,4.827759585020316
Amsterdam,786.4457619572096,Private room,4.0,1,0,1,0.955192831876313
Amsterdam,1007.6629250345652,Private room,2.0,1,0,1,1.016519295733865
Amsterdam,264.33576266023016,Private room,2.0,1,0,1,2.998842507686355
Amsterdam,551.6368664026434,Private room,4.0,0,1,1,1.1337573993837788
Amsterdam,442.66866636983576,Entire home/apt,3.0,0,0,3,3.732498865988086
Amsterdam,390.8794788273616,Private room,2.0,1,0,1,1.3557902069923584
Amsterdam,1075.387247205493,Entire home/apt,4.0,1,0,2,1.9425336211431696
Amsterdam,307.22002202798024,Entire home/apt,2.0,0,0,1,6.705039562493822
Amsterdam,651.2314578304783,Entire home/apt,4.0,0,0,2,4.152665401766405
Amsterdam,546.7157218850327,Entire home/apt,2.0,0,0,2,3.753116771036313
Amsterdam,675.6028402034074,Entire home/apt,4.0,0,0,2,4.755320247436294
Amsterdam,321.74911536568794,Private room,2.0,1,0,1,0.4804104126544418
Amsterdam,921.6600660839408,Entire home/apt,3.0,0,0,1,2.283412617816736
Amsterdam,209.03147189089125,Private room,2.0,1,0,1,4.892633334993277
Amsterdam,388.3017364609941,Private room,2.0,0,0,0,0.922344123377798
Amsterdam,725.0486255946383,Private room,4.0,1,0,2,3.694524878999427
Amsterdam,255.6651747006304,Private room,2.0,0,0,1,2.221383073882809
Amsterdam,245.82288566540907,Private room,2.0,0,0,1,2.577067709714697
Amsterdam,797.6940922831768,Entire home/apt,4.0,1,0,2,1.2727769466762298
Amsterdam,299.72113514400206,Entire home/apt,2.0,0,1,1,2.0905516880789765
Amsterdam,651.2314578304783,Entire home/apt,4.0,1,0,2,1.7688966597852032
Amsterdam,528.437185105336,Private room,2.0,0,0,1,3.809662558015444
Amsterdam,254.4934736250088,Private room,2.0,0,0,1,3.0240480789132493
Amsterdam,177.16120263398403,Private room,3.0,0,1,1,7.154973232517014
Amsterdam,576.2425889906967,Entire home/apt,4.0,0,1,1,0.9084055459944198
Amsterdam,1290.2772244744922,Entire home/apt,4.0,0,0,2,1.6040226674417173
Amsterdam,144.82225294682823,Private room,2.0,0,1,1,7.548067600582284
Amsterdam,501.48806036603946,Entire home/apt,2.0,0,0,1,1.3061860455675305
Amsterdam,468.4460900335107,Entire home/apt,2.0,0,0,1,1.0564431368612504
Amsterdam,459.77550207391096,Private room,2.0,1,0,1,0.3396755797229193
Amsterdam,405.6429123801936,Entire home/apt,2.0,1,0,1,3.624836691859599
Amsterdam,624.2823330911818,Entire home/apt,2.0,1,0,1,1.5525786171941904
Amsterdam,504.06580273240695,Entire home/apt,3.0,0,0,3,4.075584157136301
Amsterdam,768.1672251775128,Entire home/apt,4.0,0,0,2,2.954354853364539
Amsterdam,306.04832095235867,Private room,2.0,1,0,1,3.536508811837636
Amsterdam,497.7386169240504,Entire home/apt,2.0,0,0,0,1.701844248467862
Amsterdam,325.498558807677,Private room,4.0,0,1,1,1.2050898381220732
Amsterdam,737.2343167811028,Entire home/apt,4.0,0,0,2,2.3719504943430523
Amsterdam,287.7697841726619,Private room,2.0,1,0,1,2.282736413272373
Amsterdam,952.5929744803508,Entire home/apt,3.0,0,1,3,3.0789846654690423
Amsterdam,254.2591334098845,Private room,2.0,0,0,1,7.721628335347926
Amsterdam,250.5096899678954,Private room,2.0,0,0,1,2.746605194530164
Amsterdam,378.6937876408971,Entire home/apt,2.0,0,0,1,3.610179407822753
Amsterdam,205.2820284489021,Private room,3.0,1,0,1,5.179175368871698
Amsterdam,1259.578656293207,Entire home/apt,4.0,0,0,2,0.5628455510908131
Amsterdam,258.0085768518736,Private room,2.0,0,0,1,2.4568833811097384
Amsterdam,288.7071450331592,Entire home/apt,2.0,0,0,0,6.960874174837313
Amsterdam,375.8817050594053,Entire home/apt,2.0,0,0,1,1.7630432551974866
Amsterdam,371.1949007569189,Private room,2.0,0,1,0,0.8551208090245814
Amsterdam,958.4514798584586,Entire home/apt,6.0,0,1,3,7.150916887381289
Amsterdam,196.6114404893024,Entire home/apt,2.0,0,0,1,5.731539817453588
Amsterdam,370.0231996812973,Private room,2.0,0,0,1,1.9754972005465623
Amsterdam,280.03655707355944,Private room,2.0,0,0,1,2.4209685722717382
Amsterdam,814.5665877721276,Private room,4.0,0,0,1,2.298423367351816
Amsterdam,786.4457619572096,Entire home/apt,4.0,0,0,2,2.5290259737197656
Amsterdam,313.3128676212125,Private room,2.0,0,0,1,3.615052541237581
Amsterdam,789.9608651840744,Entire home/apt,5.0,0,1,2,1.349250904525461
Amsterdam,356.4314672040869,Entire home/apt,2.0,0,0,0,3.510244485600586
Amsterdam,276.2871136315703,Private room,2.0,0,0,1,2.643254433919689
Amsterdam,144.82225294682823,Private room,4.0,0,1,1,7.611343402946717
Amsterdam,995.4772338481008,Entire home/apt,4.0,0,0,2,0.0150587980705548
Amsterdam,1019.8486162210298,Entire home/apt,4.0,1,0,2,1.0887276389173115
Amsterdam,363.6960138729408,Private room,2.0,1,0,0,0.708642130731959
Amsterdam,295.2686710566401,Private room,4.0,0,0,1,10.488524566478
Amsterdam,639.0457666440138,Entire home/apt,4.0,0,0,2,2.308738725001808
Amsterdam,367.44545731492985,Private room,2.0,1,0,1,3.798167233928072
Amsterdam,362.5243127973192,Private room,2.0,1,0,1,3.754954598705956
Amsterdam,504.06580273240695,Entire home/apt,2.0,0,0,0,1.7241527707153907
Amsterdam,691.537974831861,Entire home/apt,4.0,1,0,2,2.9836134095253497
Amsterdam,362.5243127973192,Entire home/apt,2.0,0,0,1,10.189222107640562
Amsterdam,201.53258500691305,Private room,2.0,1,0,1,3.596517438200612
Amsterdam,330.4197033252877,Private room,2.0,1,0,1,2.306239824770925
Amsterdam,572.727485763832,Private room,4.0,0,0,1,3.1846930797052444
Amsterdam,425.0931502355119,Entire home/apt,2.0,0,0,1,3.408245956606983
Amsterdam,651.2314578304783,Entire home/apt,2.0,0,0,1,2.6203215252010894
Amsterdam,362.5243127973192,Entire home/apt,2.0,0,0,1,2.190114389681436
Amsterdam,423.9214491598904,Entire home/apt,3.0,1,0,1,2.019398393127015
Amsterdam,540.6228762918005,Private room,4.0,0,0,1,1.3106855550260252
Amsterdam,374.944344198908,Private room,2.0,1,0,1,0.2963133809226728
Amsterdam,424.1557893750147,Private room,2.0,1,0,1,0.3345436175529303
Amsterdam,442.4343261547114,Entire home/apt,3.0,1,0,1,0.8396060970704041
Amsterdam,411.73575797342585,Private room,2.0,1,0,1,1.310661309014378
Amsterdam,430.24863496824696,Private room,2.0,1,0,1,0.4263213837671397
Amsterdam,614.4400440559605,Entire home/apt,4.0,0,0,3,8.164277879741483
Amsterdam,405.6429123801936,Entire home/apt,2.0,0,0,1,2.520681130531077
Amsterdam,950.0152321139832,Private room,4.0,0,0,1,0.2802081671693026
Amsterdam,342.8397347268765,Private room,2.0,0,0,1,2.8619528925509754
Amsterdam,256.836875776252,Private room,3.0,0,0,1,2.6381580666895825
Amsterdam,319.40571321444475,Private room,2.0,1,0,1,0.7155139728947645
Amsterdam,410.5640568978043,Entire home/apt,2.0,0,0,0,3.300063097685757
Amsterdam,700.442903006585,Entire home/apt,4.0,0,0,1,1.9486428405643696
Amsterdam,245.82288566540907,Private room,2.0,0,0,0,2.0851041960765224
Amsterdam,534.7643709136926,Entire home/apt,4.0,0,0,2,2.790261936554608
Amsterdam,571.3214444730861,Entire home/apt,4.0,0,0,0,3.2944534593264945
Amsterdam,356.4314672040869,Private room,2.0,0,0,1,1.303236431442467
Amsterdam,1041.173575797343,Entire home/apt,2.0,0,0,1,0.8636234431312255
Amsterdam,768.6359056077614,Entire home/apt,4.0,1,0,2,0.9685772581216197
Amsterdam,342.6053945117522,Entire home/apt,2.0,0,1,1,3.797424701141159
Amsterdam,430.24863496824696,Entire home/apt,2.0,1,0,1,2.1638971039270123
Amsterdam,210.2031729665128,Private room,2.0,0,0,1,3.325717488510892
Amsterdam,301.127176434748,Private room,2.0,0,0,1,6.612570183365392
Amsterdam,841.7500527265485,Entire home/apt,6.0,0,0,2,1.1705919401848928
Amsterdam,614.4400440559605,Entire home/apt,4.0,1,0,2,4.081379983376794
Amsterdam,702.0832845124553,Entire home/apt,4.0,0,0,1,2.032401443779516
Amsterdam,380.5685093618917,Private room,2.0,1,0,1,2.97209949545444
Amsterdam,313.3128676212125,Private room,2.0,1,0,1,0.7215790783001563
Amsterdam,337.91859020926586,Entire home/apt,2.0,0,0,1,2.7578981263551
Amsterdam,288.7071450331592,Private room,2.0,1,0,1,0.7815138353314021
Amsterdam,199.89220350104284,Private room,2.0,1,0,1,2.321880513394118
Amsterdam,344.2457760176224,Private room,2.0,0,0,1,2.2513736484668017
Amsterdam,282.8486396550512,Private room,2.0,1,0,1,1.276425068282495
Amsterdam,276.2871136315703,Private room,2.0,0,1,1,2.3413656454251286
Amsterdam,251.91573125864133,Private room,2.0,0,1,1,2.527532146743827
Amsterdam,405.6429123801936,Entire home/apt,3.0,0,0,1,3.2084808030963328
Amsterdam,283.7860005155485,Private room,2.0,1,0,0,3.959015728674424
Amsterdam,356.4314672040869,Private room,4.0,1,0,2,2.6615762466665123
Amsterdam,244.4168443746632,Private room,2.0,0,1,1,2.5759182091602297
Amsterdam,320.81175450519066,Private room,2.0,1,0,1,3.316962306152065
Amsterdam,645.3729524523704,Private room,2.0,0,1,1,0.2872028149662998
Amsterdam,1714.4330138495068,Private room,4.0,0,0,4,0.6221387007869636
Amsterdam,564.0568978042322,Private room,2.0,1,0,2,3.400626192191605
Amsterdam,940.1729430787618,Entire home/apt,4.0,0,0,2,1.1606518056003796
Amsterdam,465.63400745201886,Private room,4.0,0,0,2,1.7908514511636509
Amsterdam,368.8514986056758,Private room,3.0,1,0,1,6.3262199211622985
Amsterdam,491.64577133081815,Entire home/apt,2.0,0,0,0,1.559842106579769
Amsterdam,177.16120263398403,Private room,2.0,0,0,1,4.245379779425726
Amsterdam,391.8168396878589,Private room,2.0,0,1,0,1.3195079799209568
Amsterdam,443.606027230333,Entire home/apt,2.0,1,0,1,1.9085670632872
Amsterdam,565.2285988798538,Entire home/apt,4.0,0,0,2,6.84285186563212
Amsterdam,921.6600660839408,Entire home/apt,4.0,0,0,1,0.4099399980979752
Amsterdam,950.0152321139832,Private room,4.0,1,0,1,2.091818701865924
Amsterdam,694.5843976284771,Entire home/apt,2.0,0,0,1,1.729196947067122
Amsterdam,313.3128676212125,Private room,3.0,0,0,2,8.436536017078248
Amsterdam,517.4231949944931,Private room,4.0,0,0,2,4.486620645389316
Amsterdam,288.7071450331592,Private room,4.0,0,0,1,5.189394693054406
Amsterdam,300.8928362196237,Private room,2.0,0,0,1,1.3678260629626928
Amsterdam,479.4600801443536,Private room,4.0,0,0,2,4.166279688010482
Amsterdam,640.4518079347597,Entire home/apt,2.0,1,0,1,1.908979697867656
Amsterdam,1066.4823190307688,Entire home/apt,4.0,1,0,3,2.1951353114167254
Amsterdam,496.5669158484288,Entire home/apt,2.0,0,0,1,2.8074567437426787
Amsterdam,420.4063459330256,Private room,2.0,0,0,1,1.9923415469244536
Amsterdam,359.9465704309517,Private room,2.0,1,0,0,0.7118574718225213
Amsterdam,421.34370679352287,Entire home/apt,2.0,0,0,1,3.2999354886014425
Amsterdam,540.6228762918005,Entire home/apt,2.0,0,0,1,0.8108103657106573
Amsterdam,251.91573125864133,Private room,2.0,0,0,1,4.320341844989007
Amsterdam,305.8139807372343,Private room,2.0,1,0,1,0.3720313749795971
Amsterdam,1228.880088111921,Entire home/apt,2.0,0,0,2,1.379197102395432
Amsterdam,645.3729524523704,Private room,2.0,0,1,1,0.8997135965288077
Amsterdam,645.3729524523704,Private room,2.0,0,1,1,0.9198881611320572
Amsterdam,613.7370234105875,Private room,4.0,0,0,2,0.7761684604222954
Amsterdam,245.82288566540907,Private room,2.0,1,0,1,6.34895423462532
Amsterdam,589.8343214679071,Entire home/apt,2.0,0,0,1,1.4453770360446498
Amsterdam,534.5300306985682,Entire home/apt,3.0,0,0,2,2.325287055624981
Amsterdam,1348.6279380404471,Entire home/apt,6.0,0,1,2,1.6098833605867957
Amsterdam,464.4623063763973,Private room,4.0,0,0,0,0.8079505112776075
Amsterdam,356.4314672040869,Private room,2.0,0,0,1,0.9987824020226668
Amsterdam,387.1300353853725,Private room,2.0,1,0,1,1.0332069363851546
Amsterdam,387.1300353853725,Private room,2.0,1,0,1,1.028764213769963
Amsterdam,304.64227966161275,Private room,2.0,0,0,1,3.018859481136626
Amsterdam,491.64577133081815,Entire home/apt,2.0,0,0,1,3.592605345199492
Amsterdam,1348.6279380404471,Entire home/apt,6.0,0,0,2,1.8745762721732204
Amsterdam,254.4934736250088,Private room,2.0,1,0,1,3.34692548642227
Amsterdam,473.132894335997,Entire home/apt,4.0,0,0,0,3.330384570950704
Amsterdam,274.1780516954515,Private room,2.0,0,0,1,1.875584962520056
Amsterdam,647.4820143884892,Entire home/apt,3.0,0,1,1,1.096748152612239
Amsterdam,342.6053945117522,Entire home/apt,2.0,0,1,1,2.5205570998744684
Amsterdam,632.9529210507816,Entire home/apt,4.0,0,0,2,7.072238378231082
Amsterdam,511.5646896163851,Private room,4.0,0,1,1,1.4447185744918678
Amsterdam,354.32240526796807,Private room,2.0,0,1,1,1.428787220814082
Amsterdam,535.7017317741899,Entire home/apt,2.0,0,0,1,3.460300763781245
Amsterdam,271.8346495442083,Private room,2.0,0,0,1,3.2620446351619696
Amsterdam,798.6314531436741,Entire home/apt,4.0,0,0,2,1.1470018548364147
Amsterdam,325.498558807677,Entire home/apt,2.0,0,0,1,3.5838172734835507
Amsterdam,673.4937782672885,Entire home/apt,4.0,0,0,2,0.8031378819495307
Amsterdam,699.0368617158391,Entire home/apt,4.0,0,1,3,0.9159026964790178
Amsterdam,282.8486396550512,Private room,2.0,0,0,1,1.4206889151077826
Amsterdam,491.64577133081815,Private room,2.0,0,0,2,0.4997076915125893
Amsterdam,361.3526117216976,Entire home/apt,2.0,1,0,0,0.11480567677719
Amsterdam,331.8257446160336,Private room,2.0,1,0,1,2.3443840447556314
Amsterdam,331.8257446160336,Private room,2.0,1,0,1,2.3322338984509527
Amsterdam,1199.5875612213813,Entire home/apt,6.0,0,1,3,3.628542356356035
Amsterdam,422.7497480842688,Private room,2.0,0,0,0,1.859068431968525
Amsterdam,319.6400534295691,Private room,2.0,0,0,1,4.781588996277906
Amsterdam,606.0037963114851,Entire home/apt,6.0,1,0,3,7.536428063847354
Amsterdam,351.04164225622765,Entire home/apt,2.0,0,1,1,4.298415048053856
Amsterdam,682.8673868722612,Entire home/apt,4.0,0,1,1,2.206552019339292
Amsterdam,675.8371804185317,Entire home/apt,4.0,0,0,2,4.0944518730887545
Amsterdam,552.808567478265,Entire home/apt,4.0,0,0,3,7.759528868844793
Amsterdam,233.63719447894456,Private room,2.0,1,0,1,3.9570815553468113
Amsterdam,361.1182715065733,Entire home/apt,4.0,0,1,2,7.725574011356432
Amsterdam,476.8823377779861,Private room,4.0,0,1,2,5.428554753160273
Amsterdam,403.0651700138261,Entire home/apt,2.0,0,0,1,1.8351420874060127
Amsterdam,669.7443348252995,Entire home/apt,4.0,0,0,3,1.4124607027728648
Amsterdam,622.876291800436,Entire home/apt,4.0,0,0,2,2.0998153753361
Amsterdam,454.8543575563003,Private room,2.0,1,0,1,2.3834566944260533
Amsterdam,258.2429170669979,Private room,2.0,0,0,1,6.926201296462398
Amsterdam,639.9831275045111,Entire home/apt,4.0,0,1,2,4.220556208072695
Amsterdam,297.6120732078832,Entire home/apt,2.0,0,1,1,4.298145493967283
Amsterdam,309.56342417922343,Private room,4.0,1,0,2,3.345235816001414
Amsterdam,307.22002202798024,Private room,2.0,1,0,0,4.3026758706919725
Amsterdam,281.4425983643053,Private room,2.0,1,0,1,4.747394405324037
Amsterdam,339.0902912848874,Private room,2.0,0,0,1,1.5378472279768334
Amsterdam,279.09919621306216,Private room,2.0,1,0,1,4.605597187771903
Amsterdam,245.5885454502848,Private room,2.0,1,0,1,4.932550680236493
Amsterdam,921.6600660839408,Entire home/apt,4.0,1,0,2,1.3089707963485309
Amsterdam,458.369460783165,Entire home/apt,4.0,0,0,2,4.732919905394052
Amsterdam,313.3128676212125,Private room,2.0,1,0,1,1.3386022599898058
Amsterdam,315.89060998758,Private room,2.0,1,0,1,1.3279567029507786
Amsterdam,699.0368617158391,Private room,3.0,0,1,1,1.0505505188320818
Amsterdam,397.2066646357181,Entire home/apt,2.0,0,0,1,2.4283706566329344
Amsterdam,504.06580273240695,Private room,4.0,0,0,1,1.423924114224392
Amsterdam,653.5748599817215,Entire home/apt,2.0,0,1,1,0.8946649699607463
Amsterdam,258.2429170669979,Private room,2.0,1,0,1,7.540330083571495
Amsterdam,398.1440254962154,Private room,2.0,1,0,1,2.612766984893799
Amsterdam,798.6314531436741,Entire home/apt,4.0,0,0,1,0.7053916540638546
Amsterdam,304.8766198767371,Private room,4.0,0,1,1,2.863134207896436
Amsterdam,449.46453260844095,Private room,4.0,0,1,1,2.2926956908797664
Amsterdam,303.00189815574254,Private room,2.0,0,1,1,2.123892266341892
Amsterdam,292.45658847514824,Private room,2.0,0,0,1,0.8808097653306928
Amsterdam,306.04832095235867,Entire home/apt,2.0,0,0,1,3.6601617142836327
Amsterdam,403.0651700138261,Private room,2.0,1,0,1,1.0004624406530764
Amsterdam,387.1300353853725,Private room,2.0,0,0,1,1.0469273515964408
Amsterdam,250.74403018301973,Private room,2.0,0,0,1,5.529602244701479
Amsterdam,274.1780516954515,Private room,2.0,1,0,1,6.4813496620849405
Amsterdam,447.5898108874465,Private room,2.0,1,0,1,0.2746367615057592
Amsterdam,366.5080964544326,Private room,2.0,1,0,1,0.9624136232772268
Amsterdam,426.0305110960092,Entire home/apt,2.0,1,0,1,4.199872161019502
Amsterdam,467.0400487427648,Private room,2.0,1,0,1,0.2224653424234426
Amsterdam,1198.1815199306354,Entire home/apt,4.0,1,0,2,1.0622277144004433
Amsterdam,161.9290886509034,Private room,2.0,0,0,1,7.145768567891592
Amsterdam,550.4651653270219,Entire home/apt,2.0,0,0,1,0.5699956913338966
Amsterdam,522.3443395121037,Entire home/apt,2.0,0,0,1,1.838241415169322
Amsterdam,764.4177817355237,Entire home/apt,4.0,1,0,2,3.879703742801448
Amsterdam,602.0200126543716,Entire home/apt,2.0,0,0,1,3.673035031025522
Amsterdam,245.82288566540907,Private room,2.0,0,0,1,9.824615769196049
Amsterdam,298.78377428350484,Private room,2.0,0,0,1,3.5574247477897893
Amsterdam,221.2171630773557,Private room,2.0,0,0,1,2.865101053492943
Amsterdam,940.1729430787618,Private room,4.0,0,1,2,0.9145628895743289
Amsterdam,417.8286035666581,Entire home/apt,4.0,1,0,2,4.093198122590339
Amsterdam,649.1223958943594,Entire home/apt,4.0,0,0,3,4.031395274924495
Amsterdam,952.5929744803508,Entire home/apt,4.0,0,0,1,1.2559576256254443
Amsterdam,215.12431748412348,Private room,2.0,1,0,1,6.273254202471254
Amsterdam,274.1780516954515,Private room,2.0,1,0,1,4.687321606984654
Amsterdam,325.498558807677,Private room,4.0,1,0,2,0.406359167097411
Amsterdam,447.3554706723221,Private room,2.0,1,0,1,0.2613177343616277
Amsterdam,1348.6279380404471,Entire home/apt,6.0,0,0,2,1.8202441536342264
Amsterdam,636.7023644927707,Private room,4.0,0,0,2,0.4353879812681013
Amsterdam,566.6346401705997,Entire home/apt,4.0,1,0,2,1.871275968182017
Amsterdam,256.836875776252,Private room,2.0,0,0,1,3.321128370046364
Amsterdam,196.6114404893024,Private room,2.0,1,0,1,8.247649252547468
Amsterdam,234.57455533944184,Private room,2.0,0,0,1,5.915422628026759
Amsterdam,378.6937876408971,Private room,2.0,0,0,1,0.5566559866387716
Amsterdam,264.33576266023016,Private room,2.0,0,0,1,4.199349945477342
Amsterdam,128.88711831837463,Entire home/apt,2.0,1,0,1,3.9144099712192673
Amsterdam,274.1780516954515,Private room,2.0,0,0,1,2.4168379908071165
Amsterdam,485.5529257375859,Entire home/apt,2.0,0,0,1,2.067764764686258
Amsterdam,340.49633257563335,Private room,2.0,0,0,0,0.8367433734974645
Amsterdam,814.5665877721276,Private room,4.0,1,0,1,2.280619541254618
Amsterdam,288.7071450331592,Private room,2.0,1,0,0,3.910020733743565
Amsterdam,713.8002952686711,Entire home/apt,4.0,0,1,1,1.0002345144085256
Amsterdam,405.4085721650693,Private room,2.0,1,0,1,0.5067521079354927
Amsterdam,786.4457619572096,Entire home/apt,4.0,0,1,2,1.0256276331462362
Amsterdam,718.9557800014061,Entire home/apt,4.0,0,0,2,2.020715217433039
Amsterdam,405.6429123801936,Entire home/apt,2.0,0,0,1,2.594726489754978
Amsterdam,258.0085768518736,Private room,2.0,0,0,1,1.8856959227564307
Amsterdam,823.4715159468517,Entire home/apt,4.0,0,0,3,1.7493625479935593
Amsterdam,761.8400393691562,Entire home/apt,4.0,0,1,0,2.183217250836813
Amsterdam,531.9522883322007,Entire home/apt,4.0,1,0,1,1.3524775482707307
Amsterdam,295.0343308415157,Private room,2.0,1,0,1,2.8480415194029267
Amsterdam,921.6600660839408,Entire home/apt,4.0,0,0,2,3.1135013298466814
Amsterdam,289.64450589365646,Entire home/apt,4.0,0,0,2,5.501040311938979
Amsterdam,539.2168350010546,Private room,3.0,1,0,1,4.843614737555418
Amsterdam,773.0883696951234,Entire home/apt,4.0,0,0,2,2.980651115450149
Amsterdam,307.22002202798024,Private room,2.0,1,0,1,6.760135846625136
Amsterdam,307.22002202798024,Private room,2.0,1,0,1,6.802569194960171
Amsterdam,288.7071450331592,Private room,2.0,0,0,1,3.670801694178024
Amsterdam,467.0400487427648,Entire home/apt,2.0,0,0,1,2.077703390434089
Amsterdam,552.808567478265,Private room,4.0,0,0,2,4.547374296331387
Amsterdam,921.6600660839408,Entire home/apt,4.0,0,0,2,1.5605057217916218
Amsterdam,614.4400440559605,Entire home/apt,4.0,0,0,3,2.17628679091166
Amsterdam,423.9214491598904,Entire home/apt,2.0,1,0,0,0.5932175621842551
Amsterdam,626.3913950273006,Entire home/apt,4.0,0,0,1,2.8349323218135347
Amsterdam,737.2343167811028,Entire home/apt,4.0,1,0,1,0.985424878379576
Amsterdam,198.9548426405456,Private room,2.0,0,0,1,3.874504460159641
Amsterdam,282.6142994399269,Private room,2.0,0,0,1,2.11579009570519
Amsterdam,467.0400487427648,Entire home/apt,4.0,0,0,1,4.943955854904402
Amsterdam,411.5014177583016,Private room,4.0,0,0,1,2.2611117406120025
Amsterdam,811.0514845452628,Entire home/apt,4.0,0,0,2,1.9297542636856864
Amsterdam,614.4400440559605,Entire home/apt,3.0,0,0,2,3.745608868675632
Amsterdam,270.4286082534624,Private room,2.0,1,0,1,5.132776071796975
Amsterdam,276.52145384669467,Private room,2.0,1,0,1,7.213495209980224
Amsterdam,258.2429170669979,Private room,2.0,0,0,1,2.8858260467747234
Amsterdam,384.7866332341293,Entire home/apt,2.0,0,1,1,4.029369643741768
Amsterdam,728.7980690366275,Entire home/apt,4.0,0,0,2,3.1535562293402064
Amsterdam,387.1300353853725,Entire home/apt,2.0,0,0,0,1.9041523335258497
Amsterdam,233.63719447894456,Private room,2.0,0,0,1,8.145036770815985
Amsterdam,1301.2912145853352,Entire home/apt,4.0,0,0,2,1.8586013476855447
Amsterdam,436.10714034635487,Entire home/apt,3.0,1,0,1,4.303129454004102
Amsterdam,393.4572211937291,Entire home/apt,2.0,0,0,1,1.8518876618235631
Amsterdam,515.5484732734985,Entire home/apt,2.0,0,0,1,3.620812513463714
Amsterdam,225.66962716471767,Private room,2.0,1,0,1,1.620808584212588
Amsterdam,209.03147189089125,Private room,2.0,1,0,1,8.0695081791365
Amsterdam,393.9259016239777,Private room,4.0,0,1,1,2.1769794974218626
Amsterdam,504.06580273240695,Entire home/apt,4.0,0,0,2,2.2623924565330835
Amsterdam,350.33862161085466,Private room,2.0,1,0,1,2.1895054583458893
Amsterdam,221.2171630773557,Private room,3.0,1,0,1,6.027607454192399
Amsterdam,258.0085768518736,Private room,2.0,0,0,1,3.0837439315050776
Amsterdam,430.24863496824696,Entire home/apt,4.0,1,0,2,5.9689563746994985
Amsterdam,405.6429123801936,Entire home/apt,2.0,0,0,1,3.4616753363776662
Amsterdam,669.7443348252995,Entire home/apt,4.0,0,0,1,1.379446055148139
Amsterdam,540.6228762918005,Entire home/apt,3.0,1,0,2,4.033325207943663
Amsterdam,1044.6886790242074,Entire home/apt,4.0,1,0,1,0.4955941275992037
Amsterdam,215.12431748412348,Private room,2.0,0,0,1,3.678925134273031
Amsterdam,258.0085768518736,Private room,2.0,0,0,1,3.3301962748360974
Amsterdam,201.53258500691305,Private room,3.0,0,0,1,5.59049207795143
Amsterdam,368.8514986056758,Entire home/apt,2.0,0,0,1,3.909555630467083
Amsterdam,217.70205985049097,Private room,2.0,0,0,1,4.2213741609279385
Amsterdam,1388.7001148267054,Entire home/apt,6.0,0,0,2,0.1228203248413586
Amsterdam,409.39235582218265,Entire home/apt,4.0,1,0,2,2.5666673907412783
Amsterdam,196.6114404893024,Private room,2.0,0,0,1,4.830131394541534
Amsterdam,589.8343214679071,Entire home/apt,2.0,0,0,1,1.3052844539313395
Amsterdam,356.4314672040869,Private room,2.0,0,0,0,2.468841974061337
Amsterdam,682.1643662268882,Entire home/apt,4.0,0,0,2,1.9767603992787524
Amsterdam,356.4314672040869,Entire home/apt,2.0,0,0,1,3.063940577780516
Amsterdam,1049.3754833266937,Entire home/apt,4.0,0,0,2,1.3527171509818487
Amsterdam,952.3586342652264,Entire home/apt,4.0,0,0,2,3.5722610459210875
Amsterdam,454.8543575563003,Entire home/apt,3.0,0,0,1,1.2286417127567772
Amsterdam,823.4715159468517,Entire home/apt,2.0,1,0,1,0.5684281277104399
Amsterdam,737.2343167811028,Entire home/apt,4.0,0,0,3,2.403629097037157
Amsterdam,1714.4330138495068,Entire home/apt,3.0,0,0,1,1.1650497790905727
Amsterdam,919.0823237175732,Entire home/apt,2.0,0,0,1,1.4362811734094796
Amsterdam,227.310008670588,Private room,2.0,0,0,1,3.6067223036084672
Amsterdam,539.4511752161789,Entire home/apt,2.0,0,0,1,2.943119229963576
Amsterdam,366.2737562393083,Private room,2.0,0,0,1,0.7574287959421382
Amsterdam,657.3243034237106,Entire home/apt,4.0,0,0,2,2.525383516566168
Amsterdam,218.63942071098825,Private room,2.0,1,0,1,4.399832981973004
Amsterdam,1013.9901108429218,Entire home/apt,4.0,1,0,1,1.3307466253631677
Amsterdam,307.22002202798024,Private room,2.0,0,0,1,3.1304863803782967
Amsterdam,319.40571321444475,Private room,3.0,1,0,1,1.1103474018487711
Amsterdam,786.4457619572096,Entire home/apt,2.0,0,0,1,1.332304005753174
Amsterdam,614.4400440559605,Private room,3.0,0,0,1,0.8152831558920489
Amsterdam,934.0800974855296,Entire home/apt,4.0,0,0,2,0.4719180294726839
Amsterdam,282.8486396550512,Private room,4.0,0,0,2,3.241750792513354
Amsterdam,233.63719447894456,Private room,2.0,1,0,1,3.761426082268695
Amsterdam,233.63719447894456,Private room,2.0,0,0,1,4.035971200023007
Amsterdam,540.6228762918005,Entire home/apt,2.0,0,0,1,3.928187717664193
Amsterdam,653.8092001968458,Entire home/apt,2.0,1,0,1,2.5868503858746905
Amsterdam,1005.0851826681976,Entire home/apt,4.0,0,0,3,1.5747937917863348
Amsterdam,522.3443395121037,Private room,2.0,0,0,1,0.4341683996804749
Amsterdam,245.82288566540907,Private room,2.0,1,0,1,2.968596307022605
Amsterdam,614.4400440559605,Entire home/apt,4.0,0,0,2,1.0566123013969375
Amsterdam,390.6451386122373,Entire home/apt,2.0,0,0,1,2.1702178060696675
Amsterdam,442.4343261547114,Private room,2.0,0,0,1,2.10656584266115
Amsterdam,556.7923511353783,Entire home/apt,2.0,0,0,1,3.3225399978389736
Amsterdam,374.944344198908,Entire home/apt,4.0,0,0,2,3.794470811792838
Amsterdam,460.7128629344082,Entire home/apt,4.0,1,0,1,3.848078438321596
Amsterdam,264.1014224451058,Entire home/apt,2.0,1,0,2,2.4946403060525264
Amsterdam,399.5500667869613,Entire home/apt,4.0,0,0,1,3.4696256124590152
Amsterdam,432.3576969043658,Private room,3.0,0,0,1,1.9724401037661043
Amsterdam,393.4572211937291,Private room,2.0,1,0,1,3.798577678548316
Amsterdam,1474.9373139924544,Entire home/apt,4.0,0,0,2,1.615046033182837
Amsterdam,228.71604996133388,Private room,2.0,0,0,1,4.677773324642946
Amsterdam,393.4572211937291,Private room,3.0,0,0,1,9.738196176857322
Amsterdam,651.2314578304783,Entire home/apt,4.0,0,0,2,2.332380072584113
Amsterdam,7782.907224708832,Entire home/apt,6.0,1,0,3,2.98073374541505
Amsterdam,319.6400534295691,Private room,4.0,1,0,1,2.254469384327655
Amsterdam,390.8794788273616,Entire home/apt,2.0,0,0,0,2.526830096882939
Amsterdam,552.808567478265,Entire home/apt,2.0,0,0,1,2.4826600390758253
Amsterdam,935.0174583460268,Entire home/apt,4.0,0,0,2,2.041088839062258
Amsterdam,192.8619970473133,Shared room,4.0,1,0,1,9.401664780620823
Amsterdam,276.2871136315703,Private room,2.0,0,1,1,2.2497184583987373
Amsterdam,262.92972136948424,Private room,2.0,1,0,1,3.0634913554155965
Amsterdam,546.7157218850327,Entire home/apt,2.0,1,0,1,0.6097202094674482
Amsterdam,312.1411665455909,Private room,2.0,1,0,1,0.290728499113068
Amsterdam,368.6171583905514,Entire home/apt,2.0,0,0,1,1.6692295089155362
Amsterdam,782.4619783000961,Entire home/apt,4.0,0,0,1,1.7333371289473145
Amsterdam,344.2457760176224,Private room,2.0,0,0,1,1.9399110492001328
Amsterdam,430.24863496824696,Entire home/apt,2.0,0,0,1,3.0912317368841578
Amsterdam,940.1729430787618,Entire home/apt,4.0,0,0,3,7.996882958161881
Amsterdam,325.498558807677,Private room,2.0,1,0,2,2.138970371292116
Amsterdam,841.9843929416728,Entire home/apt,4.0,0,0,3,1.331917688314553
Amsterdam,309.7977643943477,Private room,2.0,1,0,0,1.1714105314817096
Amsterdam,399.31572657183705,Entire home/apt,2.0,1,0,1,3.543162987193514
Amsterdam,953.7646755559722,Private room,4.0,0,0,1,2.105918906623288
Amsterdam,504.06580273240695,Private room,2.0,0,0,1,0.3537205344170818
Amsterdam,264.1014224451058,Private room,4.0,0,1,1,5.906416112124655
Amsterdam,332.0600848311579,Private room,2.0,1,0,1,3.657749524644078
Amsterdam,332.0600848311579,Private room,2.0,1,0,1,3.65773207643044
Amsterdam,218.8737609261125,Private room,2.0,0,0,1,5.211971040375422
Amsterdam,356.4314672040869,Private room,2.0,0,0,1,0.4435518548789567
Amsterdam,491.64577133081815,Entire home/apt,2.0,0,0,1,2.125057810233992
Amsterdam,454.8543575563003,Entire home/apt,3.0,0,0,2,5.628886541528493
Amsterdam,329.4823424647904,Private room,2.0,1,0,0,0.982377859667654
